<?xml version="1.0" encoding="UTF-8"?>
<project-private xmlns="http://www.netbeans.org/ns/project-private/1">
    <editor-bookmarks xmlns="http://www.netbeans.org/ns/editor-bookmarks/2" lastBookmarkId="0"/>
    <open-files xmlns="http://www.netbeans.org/ns/projectui-open-files/2">
        <group>
            <file>file:/C:/Users/jadha/OneDrive/Documents/NetBeansProjects/CollegeProject/src/Main.java</file>
            <file>file:/C:/Users/jadha/OneDrive/Documents/NetBeansProjects/CollegeProject/src/BalanceEnquiry.java</file>
            <file>file:/C:/Users/jadha/OneDrive/Documents/NetBeansProjects/CollegeProject/src/FastCash.java</file>
            <file>file:/C:/Users/jadha/OneDrive/Documents/NetBeansProjects/CollegeProject/src/Withdrawl.java</file>
            <file>file:/C:/Users/jadha/OneDrive/Documents/NetBeansProjects/CollegeProject/src/MiniStatement.java</file>
            <file>file:/C:/Users/jadha/OneDrive/Documents/NetBeansProjects/CollegeProject/src/PinChange.java</file>
            <file>file:/C:/Users/jadha/OneDrive/Documents/NetBeansProjects/CollegeProject/src/SignupPage.java</file>
            <file>file:/C:/Users/jadha/OneDrive/Documents/NetBeansProjects/CollegeProject/src/Deposit.java</file>
            <file>file:/C:/Users/jadha/OneDrive/Documents/NetBeansProjects/CollegeProject/src/Transaction.java</file>
        </group>
    </open-files>
</project-private>
